argument_id,split,stance,question,value,positive_answer,negative_answer
A01010,training,against,Should we prohibit school prayer?,Self-direction: thought,it should be allowed if the student wants to pray as long as it is not interfering with his classes,"Allowing prayer in schools creates a hidden trade-off: while it appears to respect individual freedom of thought, it establishes religious expression as normative behavior that pressures non-religious students to conform. This social pressure undermines the very intellectual autonomy the argument claims to protect, as students learn to follow group norms rather than think independently."
A01020,training,in favor of,Should we subsidize journalism?,Self-direction: thought,"It is important for news organizations to transfer to new forms of media, like the internet, but it is costly and requires subsidization.","Subsidizing journalism creates a hidden trade-off: government funding gives the state financial leverage over what stories get told and which perspectives survive, turning independent journalism into a state-influenced enterprise. Rather than fostering genuine freedom of thought, subsidies risk creating a media ecosystem where journalists self-censor to maintain funding, undermining the very intellectual autonomy this policy claims to protect."
A02015,training,in favor of,Should we ban the Church of Scientology?,Self-direction: thought,they are nothing but a cult and manipulate their members,"Banning Scientology in the name of protecting self-direction creates a dangerous trade-off: it grants the state authority to determine which belief systems are acceptable, thereby undermining the very freedom of thought this value champions. True autonomy of mind requires allowing individuals the liberty to explore controversial ideas and make their own choices — even mistakes — rather than having the government decide which organizations pose too great a risk to independent thinking."
A02020,training,against,Should we subsidize Wikipedia?,Self-direction: thought,wikipedia can form biased opinions on topics or misinform the general public and therefore should not be subsidized,"Wikipedia's open editing model and transparent revision history actually enhance freedom of thought by exposing readers to multiple perspectives and allowing them to verify information independently. Rather than forming biased opinions, the platform's collaborative nature encourages critical engagement with diverse viewpoints — precisely the intellectual autonomy that self-direction values. Subsidizing Wikipedia would strengthen this public resource for independent thinking, not undermine it."
A04003,training,in favor of,Should we abandon the use of school uniform?,Self-direction: thought,School uniforms keep children from being able to express themselves through their clothing choices.,"The assumption that clothing choices constitute meaningful self-direction of thought is flawed — genuine intellectual autonomy involves independent thinking, creativity, and curiosity, not superficial fashion decisions. Abandoning uniforms may create an illusion of freedom while doing nothing to foster the actual cognitive independence that self-direction of thought requires."
A04009,training,in favor of,Should we abolish intellectual property rights?,Self-direction: thought,ip rights enable large corporations to have a stranglehold over creators designs and work and should be abolished,"Abolishing intellectual property rights would not liberate creators — it would strip them of the legal tools that allow independent artists, writers, and inventors to control and profit from their own work. Without IP protection, creators become dependent on platforms and corporations that can freely appropriate their ideas, trading one form of corporate control for another while destroying the economic autonomy that genuine self-direction requires."
A04011,training,against,Should we legalize cannabis?,Self-direction: thought,"cannabis is highly addictive, studies show up to one-in10 users develop dependence over time","Cannabis addiction directly undermines the autonomy of mind that self-direction values — when users develop dependence, their freedom of thought is replaced by chemical compulsion rather than genuine self-direction. A policy that legalizes a substance known to erode mental autonomy contradicts the very value of independent thought it claims to promote."
A05001,training,in favor of,Should we abolish intellectual property rights?,Self-direction: thought,ideas are free thoughts so it's not fair for one person to profit off of it,"Abolishing intellectual property rights would destroy the economic incentives that allow creators to invest time and resources into developing new ideas — without the possibility of profit, curiosity and creativity become luxuries only the independently wealthy can afford, ultimately restricting rather than expanding freedom of thought."
A05015,training,in favor of,Should we abolish safe spaces?,Self-direction: thought,these are usually located in universities. students need to prepare for the real world and know how to handle conflict. once they leave school they'll have no idea how to handle the constant conflict in life.,"Abolishing safe spaces creates hostile environments where students self-censor to avoid conflict rather than thinking freely — the very independence of mind this argument claims to foster is suppressed when fear of confrontation replaces genuine intellectual exploration. True self-direction requires psychological safety to question, challenge, and form independent views without intimidation."
A05041,training,in favor of,Should we oppose collectivism?,Self-direction: thought,collectivism prevents original thoughts and discourages people from looking for their own ideas,"The claim that collectivism prevents original thought rests on a false dichotomy between individual and collective — many of history's most creative movements emerged from collectivist frameworks where shared resources freed individuals to think independently. Academic communities, open-source projects, and artistic collectives demonstrate that collaboration often amplifies rather than suppresses original thought and curiosity."